Name,Birthdate,Gender,Score,Grade
Reginald Hansen,1994-09-30,Male,13,F
Gail Logan,2006-04-16,Male,94,A
Candice Austin,1991-05-01,Male,0,F
Kelsey Morton,2009-04-23,Male,62,D
Angela Fisher,1926-12-11,Female,,B
Brandon Holmes,1956-08-16,Male,30,F
Tony Phillips,1963-03-29,Female,5,F
Cindy Levine,1940-11-30,Male,28,F
Casey Harper,,Female,68,D
Anna Gray,1948-05-24,Female,67,D
Amy Fisher,1960-10-02,Male,95,A
James Mueller,2004-03-03,Male,63,D
Joseph Allen,1995-12-13,Female,50,F
Rebekah Moreno,1978-11-24,Female,1,F
Frank Clarke,2007-12-10,Female,84,B
Brian Townsend,1968-10-15,Female,11,F
Vanessa Mcmahon,2020-11-28,Male,34,F
Nicholas Kennedy,1929-09-24,Male,67,D
Tammy Taylor,1964-08-17,Female,98,A
Donald Fox,1993-02-28,Female,60,D
Jason White,1933-02-14,Male,79,C
Charles Gonzales,1927-01-29,Male,33,F
Amy White,1985-02-10,Female,96,A
Marilyn Winters,1925-11-19,Male,76,C
Anna Farrell,1996-04-18,Female,56,F
Miranda Phillips,1978-11-02,Male,9,F
Jennifer Price,1910-06-01,Male,53,F
Lauren Martin,1947-04-10,Female,83,B
Justin Ryan,1965-03-19,Female,100,A
Lisa Gutierrez,1929-11-05,Female,48,F
Julian Sanders,2013-03-03,Male,88,B
Curtis Cox,1973-08-05,Female,33,F
Aaron Montgomery,1941-03-17,Male,38,F
Timothy Smith,1921-01-31,Female,49,F
Erica Taylor,1973-03-17,Female,43,F
Jacob Torres,1935-06-25,Male,99,A
Shane Schmidt,1965-06-11,Male,23,F
John Anderson,1943-06-12,Female,68,D
Daniel Torres MD,1983-02-28,Female,55,F
Andrea Ball DDS,1997-10-08,Male,27,F
Zachary Harris,1978-04-14,Male,73,C
Steven Taylor,1965-02-16,Male,58,F
Mary Crawford,2005-04-17,Female,24,F
Jerry Johnson,1928-12-27,Male,93,A
Robert Wagner,1961-01-03,Female,27,F
Laura Mcdonald,1981-09-17,Male,46,F
Annette Maxwell,1939-03-24,Male,39,F
Greg Smith,1920-06-21,Female,5,F
Kelli Lin,1976-06-21,Male,11,F
Joshua Briggs,1993-12-03,Male,59,F
Chad Rivera,1992-10-12,Female,37,F
Jennifer Dixon,1973-06-01,Female,67,D
Cheryl Espinoza,1921-04-25,Male,78,C
Kimberly Kelly,2018-07-21,Female,79,C
Darrell Brown,2014-06-02,Female,34,F
Megan Forbes,1950-10-07,Male,44,F
Scott Mclaughlin,1959-02-28,Male,97,A
Frances Franklin,2017-10-04,Female,22,F
Karen Mayer,1947-08-24,Male,22,F
Rickey Rivera,1941-11-05,Female,41,F
Scott Dickson,1960-09-06,Female,70,C
Bill Hendrix,1939-10-14,Female,58,F
Corey Roberts,2007-05-24,Female,62,D
Zachary Stanley,1916-10-18,Male,85,B
David Parker,1988-01-28,Male,9,F
Joseph Lowery,1996-03-15,Female,76,C
Arthur Gentry,1942-02-21,Female,69,D
Melanie Kane,1928-11-11,Male,56,F
Carla Ward,1922-08-13,Male,93,A
Michelle Martin,2016-05-24,Female,40,F
Sheryl Green,1947-01-11,Female,95,A
Christopher Mills,1988-04-16,Male,57,F
Tina Callahan,1917-02-10,Male,30,F
Joseph Howard,1984-10-23,Female,67,D
Matthew Walters,2008-10-30,Male,26,F
Amber Jones,2012-11-01,Male,73,C
Melanie Vazquez,1988-05-04,Male,26,F
Lauren Morales,2014-04-22,Female,24,F
David Clark,1972-02-11,Male,66,D
Tony Hansen,1998-09-02,Female,51,F
Mark Walker,1936-04-27,Male,34,F
Adrian Taylor,1965-12-20,Female,45,F
Amanda Ward,2000-03-23,Female,94,A
Christina Luna,1942-01-04,Female,66,D
Anita Graham,1943-10-21,Female,5,F
Patrick Sloan,2007-04-26,Female,37,F
John Duncan,1922-09-11,Female,93,A
Beth Washington,1941-02-27,Male,35,F
David Smith,1998-06-27,Male,91,A
David Thompson,1960-04-25,Male,30,F
Samantha George,2010-03-22,Male,93,A
Chad Horn,1938-02-27,Female,16,F
Joshua Armstrong,1920-06-01,Male,63,D
Dennis Harrison,1959-12-25,Female,20,F
Mark Brown,2008-12-20,Male,76,C
Rhonda Carter,2004-04-05,Male,77,C
Angela Stone,1977-09-16,Male,88,B
Dominic Carpenter,1975-10-28,Female,24,F
Kelsey Wolfe,1910-02-28,Male,22,F
Stephanie Rosario,1914-01-24,Male,22,F
Paul James,2006-05-04,Female,92,A
Eileen Graham,1931-12-15,Male,70,C
Shannon Sanders,1931-03-14,Female,33,F
Seth Brown,1910-09-20,Female,91,A
Nicole Harris,1967-05-14,Male,51,F
Shelly Morton,1968-12-16,Female,41,F
Jacob Garcia,2006-04-05,Female,17,F
Emily Williams,1954-02-01,Male,64,D
Ashley Hampton,1978-07-04,Male,26,F
Elizabeth Castillo,1991-07-05,Female,6,F
Joe Burns,1967-04-24,Female,30,F
David Thompson,1961-11-20,Male,27,F
Nicholas Vasquez,1925-04-09,Female,41,F
Holly Martin,1918-05-15,Female,28,F
Timothy White,1958-03-31,Female,63,D
John Bailey,1977-06-16,Male,58,F
Brittany Martin,1991-08-04,Female,8,F
Keith Burke,1998-03-11,Female,0,F
Lindsay Flores,1916-06-19,Male,3,F
Joshua Thompson,1952-04-22,Male,90,A
Kathy Wilson,1917-11-09,Female,43,F
Bridget Paul,1918-06-09,Male,90,A
William Wilson,1991-01-20,Female,1,F
Michael Phillips,1993-08-23,Female,46,F
Dr. Lucas Olson Jr.,1957-05-27,Female,50,F
Christopher Schwartz,1958-01-29,Male,65,D
Christine Kim,2000-10-26,Female,92,A
Joseph Anderson,1939-05-07,Female,26,F
Steven Williams,1910-12-09,Female,63,D
Trevor Russell,2022-06-05,Male,95,A
Amanda Reyes,2010-07-19,Female,31,F
John Smith,1991-01-04,Male,83,B
Rebekah Perez,1990-12-28,Female,96,A
Christopher Evans,1912-11-25,Male,49,F
Kathleen Caldwell,1949-04-06,Female,100,A
James Bennett,1958-04-26,Male,78,C
Linda Clark,1948-12-26,Female,73,C
Christopher Dominguez,2023-06-14,Female,28,F
Rita Rocha,1932-10-16,Male,2,F
Thomas Adams,1942-10-19,Female,49,F
Bradley Henry,1986-05-19,Male,47,F
Lee Case,1921-08-18,Male,97,A
Nicole Williams,1969-11-11,Male,58,F
Andrew Dominguez,1998-08-13,Female,18,F
Philip Martin,2005-03-09,Male,94,A
Jenny Smith,2014-06-16,Male,36,F
Corey Elliott,1909-01-29,Male,87,B
Jorge Summers,2001-10-07,Female,93,A
Carla Carter,1938-04-08,Male,0,F
Joe Diaz,1937-08-30,Female,9,F
Jasmine Phillips,1981-10-18,Female,39,F
Joseph Carter,1999-12-19,Male,68,D
Tammy Reynolds,1912-02-01,Male,64,D
Jacob Bailey,2004-10-04,Male,36,F
Scott Perez,1962-03-06,Male,7,F
Cathy Obrien,1937-08-31,Male,46,F
Trevor Gilbert,1947-07-14,Male,68,D
Susan Gross,1975-08-14,Male,9,F
Michael Romero,2004-02-16,Male,27,F
Dana Hayden,1923-10-06,Female,1,F
Nicholas Gardner,1960-04-09,Male,50,F
Michael Murray,1982-01-14,Female,42,F
Dana Thomas DDS,1983-01-30,Female,76,C
Mark Fitzgerald,1918-10-24,Male,13,F
Stephanie Burnett,2021-10-09,Female,60,D
Kathy Johnson,1967-02-16,Male,67,D
Edward Mcbride,1962-10-06,Male,90,A
Edward Herman,1924-01-21,Male,21,F
Kimberly Becker,1956-05-02,Male,63,D
Jason Peterson,1928-02-26,Female,48,F
Michelle Knight,1986-02-02,Female,0,F
Billy Cooper,1967-08-29,Male,25,F
Michael Walker,1925-04-22,Male,63,D
Valerie Fernandez,2008-06-01,Female,40,F
Joseph Calderon,1934-08-02,Male,1,F
Lawrence Lambert,1974-02-04,Male,97,A
Peter Lawson,1947-07-28,Female,16,F
Jeffrey Duncan II,1915-09-04,Male,99,A
Mary Foley,1929-03-16,Male,54,F
Kimberly Hughes,1931-01-14,Male,38,F
James Johnson,2021-07-12,Female,67,D
Jeffrey Merritt,2000-09-20,Male,13,F
Michael Alexander,1911-09-18,Female,68,D
Daniel Boyer,2018-05-24,Male,76,C
Michelle Bailey,2006-08-30,Female,98,A
Cynthia Rodriguez,2021-03-06,Female,60,D
Julie Sweeney,1958-07-12,Male,35,F
Jerry Koch,1963-02-03,Female,52,F
Kelly Byrd,2003-07-21,Male,13,F
Monica Brady,1974-03-23,Male,12,F
David Lloyd,1913-08-07,Male,34,F
Nicholas Huber,1968-09-08,Male,56,F
Candice Murphy,1926-11-04,Male,65,D
Amanda White,2014-07-16,Male,54,F
Samantha Johnson,1933-06-23,Male,5,F
Aaron Young,1921-02-27,Male,42,F
Victoria Jensen,1921-09-18,Male,84,B
Michael Stephens,2024-01-09,Female,8,F
Shannon Davis,1969-01-07,Male,91,A
Joseph Leonard,1934-09-19,Female,0,F
Lauren Gray,1921-03-10,Female,89,B
Sarah Nelson,1936-01-17,Female,35,F
Abigail Soto,1969-04-19,Male,16,F
Barry Hanson,1989-08-02,Male,9,F
Mallory Duncan,2009-06-21,Female,83,B
Allen Turner,2016-08-25,Female,78,C
Melissa Anderson,1912-01-23,Male,0,F
Sarah Harrington,1929-11-27,Female,90,A
Paula Myers,1961-11-26,Male,36,F
Brianna Keith,2004-03-12,Female,11,F
Christopher Figueroa,1929-10-21,Male,10,F
Alyssa Carrillo,1917-10-28,Female,84,B
Christopher Welch,2017-09-10,Male,23,F
Sue Mitchell,1987-06-03,Male,97,A
Amy Conner,2021-03-04,Female,74,C
Dawn Rice,1992-11-15,Male,72,C
Bryce Byrd,1968-07-23,Male,21,F
Laura King,1993-02-28,Female,24,F
Nicole Graves MD,1970-04-05,Female,21,F
Amy Ewing,1977-07-15,Male,6,F
Katherine Ellis,1965-09-12,Female,31,F
Miss Jodi Mcneil,1940-04-11,Male,6,F
Jonathan Chang,2019-02-21,Female,17,F
Shannon Dickerson,1954-07-24,Female,50,F
Todd Costa,1988-10-28,Male,73,C
Katherine Thompson,2001-03-16,Male,66,D
Andrea White,2000-05-12,Female,87,B
Brianna Gutierrez,1974-11-25,Female,90,A
Nicholas Gregory,1971-03-15,Female,13,F
Karen Wright,1941-11-29,Female,17,F
Kylie Smith MD,1980-09-10,Male,75,C
Joseph Winters DVM,1929-06-22,Male,4,F
Cheyenne Howard,1937-04-26,Male,11,F
Timothy Kemp,1919-02-05,Female,48,F
Sarah Garza,1937-06-10,Male,42,F
Samuel Campbell,1971-04-13,Male,42,F
John Jones,1942-08-23,Male,51,F
Ian Buckley,1970-12-02,Female,51,F
Melissa Kelley,1946-12-31,Female,37,F
Matthew Hill,1943-08-08,Male,5,F
Kelly Ross,2005-08-28,Male,36,F
Kevin Shelton,1924-05-08,Female,19,F
Logan Mercado,2005-03-29,Male,45,F
Sergio Brown,1933-10-02,Male,50,F
Angela Carter,1954-12-31,Male,34,F
Robert Chavez,1954-03-22,Male,94,A
Laura Todd,1990-10-15,Female,78,C
Melissa Potter,1983-09-20,Male,94,A
Jason Diaz,2024-03-10,Male,26,F
Kari Henry,1992-07-07,Male,13,F
Emily Romero,1984-11-19,Female,18,F
Susan Crawford,1971-01-13,Female,81,B
Nicholas Tapia,1992-04-21,Female,80,B
Juan Kirby,1994-04-13,Male,99,A
Nicole Lee,1988-08-11,Female,49,F
Sharon Jones,1925-07-19,Male,94,A
Nathan Graham,1967-11-19,Female,98,A
Thomas Crawford,1962-09-05,Male,17,F
Thomas Keller,2015-02-12,Male,39,F
Robyn Williams,1977-09-14,Male,73,C
Robert Nielsen,2007-11-09,Female,75,C
Brandon Beck,1974-01-29,Male,89,B
Suzanne Olson,1968-01-08,Female,21,F
Joshua Jefferson,1953-05-02,Male,47,F
Melissa Murray,1913-06-14,Male,93,A
Daniel Bryant,1940-08-20,Female,72,C
Derrick Hensley,1932-01-11,Female,52,F
Angela Bell,2011-06-01,Male,32,F
Jamie Werner,1910-12-29,Male,38,F
Laura Woods,2012-07-23,Male,57,F
Jaime Rich,1999-11-25,Female,82,B
Amy Anderson,2001-11-05,Female,85,B
Cameron Orozco,1970-07-18,Male,98,A
Samantha Clark,1924-10-22,Male,70,C
Aaron Guerrero,1918-10-12,Female,99,A
Lori Downs,1970-10-25,Male,22,F
Nancy Flores,1965-08-06,Male,36,F
Travis Evans,1963-01-01,Male,51,F
Mason Sutton,1973-01-02,Female,55,F
Collin Norman,2015-12-16,Female,90,A
Ryan Brady,2006-08-01,Female,35,F
Nicole Weber,2013-01-09,Female,42,F
Taylor Valdez,1929-12-10,Female,1,F
Katelyn Williamson MD,2018-02-07,Female,97,A
Nicholas Fitzgerald,1926-08-22,Female,56,F
Andrew Campbell,2015-04-18,Male,55,F
Diana Poole,1988-12-02,Female,7,F
Jason Jackson,1952-12-06,Male,27,F
Jamie Sanchez,1987-07-31,Male,0,F
Holly Robles,2000-05-11,Male,3,F
Scott Lindsey,1964-06-09,Female,42,F
Sandra Davis,1921-01-25,Female,69,D
Shawn Ruiz,2001-05-28,Male,10,F
James Harvey,1931-07-07,Female,61,D
Grace Mitchell,2018-10-07,Female,5,F
Mary Chavez,1941-09-12,Female,68,D
Christopher Hernandez,1985-12-16,Female,44,F
Jeffrey Rodgers,1920-01-05,Male,73,C
Miranda Phelps,2011-10-06,Male,38,F
Brian Walsh,1952-03-22,Male,60,D
John Gonzalez,1913-03-03,Female,50,F
Sarah Dominguez,1994-08-19,Male,58,F
Matthew Reeves,1976-03-30,Male,27,F
Robert Robles,1924-06-12,Female,38,F
Lisa Edwards,1967-05-29,Female,53,F
Steven Ward,1979-12-27,Female,8,F
Shawn May,1916-09-03,Male,98,A
Cynthia Thompson,1960-10-20,Female,74,C
Robyn Nelson,1984-02-12,Female,77,C
Mr. Lucas Howell DDS,2009-11-24,Male,59,F
Edward Melton,1908-08-14,Female,22,F
Dustin Evans,1980-06-10,Male,27,F
Bruce Velez,1954-01-12,Male,63,D
Jason Espinoza,1998-09-10,Male,29,F
Denise Young,2003-07-22,Female,96,A
Tiffany Robles,1965-12-15,Female,84,B
Frank King,1985-09-02,Female,39,F
Jacob Carpenter,1939-11-13,Male,96,A
Robert Carter,1975-06-30,Female,62,D
Jesse Richards,1986-01-30,Female,67,D
Lisa Hill,1914-07-24,Female,75,C
Kenneth Booth,1910-09-21,Female,89,B
Erin Dominguez,1937-11-14,Female,59,F
Kara Bailey,2014-12-31,Male,83,B
Mark Murphy,1944-12-17,Female,9,F
Jerry Clark,2010-03-24,Female,73,C
Monica Castro,1991-12-13,Female,91,A
Courtney Hansen,1932-08-23,Female,21,F
Rebecca Smith,1984-10-20,Female,100,A
Nicole Miller,1955-11-30,Female,21,F
Jose Howard,1964-08-27,Male,50,F
Andrea Woods,2012-11-28,Male,39,F
Susan Cruz,1968-08-24,Female,11,F
William Moore,1927-08-23,Male,66,D
Eugene Melton,2019-11-30,Male,99,A
Joshua Taylor,1945-05-27,Male,86,B
Kari Adams,2017-12-21,Female,9,F
Nathaniel Rose,1989-09-02,Female,18,F
Mrs. Nicole Parker,1974-07-03,Female,84,B
Cynthia Dean,1934-08-20,Female,19,F
Tina Ashley,2012-04-05,Male,68,D
Denise Edwards,1917-02-08,Male,74,C
Penny Garza,1937-04-29,Male,85,B
Mary Pittman,1967-04-05,Female,84,B
Jessica Perez,1977-03-27,Male,43,F
Jacob Matthews,1923-01-10,Female,13,F
Steven Scott,1935-04-28,Male,73,C
Aaron King,1973-07-12,Female,82,B
Shannon Roberts,1973-04-04,Female,28,F
Julie Ramirez,1946-03-05,Female,56,F
Diana Jacobs,1939-11-29,Male,74,C
Ronald Castillo,1957-12-03,Male,5,F
Ashley Harding,1916-06-09,Female,13,F
Eric Smith,2002-04-03,Male,94,A
Danielle Davis,1918-09-21,Male,42,F
Brent Austin,2002-07-23,Male,14,F
Nicholas Ortiz,1963-10-05,Female,78,C
Eric Blanchard,1964-08-28,Female,51,F
David Perez,1975-03-18,Male,6,F
Charles Jackson,1928-01-09,Male,97,A
John Brennan,1994-12-02,Female,57,F
Timothy Johnson,1941-12-06,Male,62,D
Sherry Gregory,1946-08-14,Female,35,F
Denise Potter,1980-01-21,Female,13,F
Noah Smith,1977-06-20,Male,15,F
Edward Joseph,1941-12-06,Male,40,F
Nichole Gardner,2010-01-08,Female,65,D
Alan Porter,1965-04-17,Female,49,F
Cheryl Smith,1978-11-12,Male,88,B
Jennifer Bennett,1967-06-14,Female,77,C
John Mcclure,1992-12-08,Male,32,F
Christine Burns,1980-05-30,Female,13,F
Melissa Patrick,1935-09-01,Female,8,F
Alexis Robinson,1941-01-24,Male,95,A
Amanda Neal,1918-06-19,Female,3,F
Cindy Pollard,1985-04-22,Female,8,F
Gabriel Turner,1946-04-04,Female,99,A
David Coleman DDS,1943-10-22,Male,72,C
Harold Hughes,1910-12-26,Male,18,F
Lee Wood,1934-11-11,Male,98,A
Justin Nelson,1995-03-07,Male,68,D
Robert Nunez,1916-07-11,Male,45,F
Benjamin Ward,1982-03-26,Male,47,F
David Scott,2018-05-21,Female,87,B
David Brown,1917-09-05,Male,83,B
Pamela White,1967-02-03,Male,73,C
Jeffery Mahoney,1955-09-26,Male,74,C
Samuel Bradford,1913-12-13,Female,89,B
Victoria Davidson,1987-04-10,Female,25,F
Billy Carter,2004-05-31,Female,98,A
Tara Browning,1909-06-11,Female,81,B
Denise Stevens,1978-01-22,Female,54,F
Casey Pierce,2003-11-24,Male,75,C
Jessica Acosta,1919-09-11,Female,18,F
Matthew Davis,2023-11-17,Male,25,F
Rebecca Mullins,1918-06-01,Male,78,C
James Gonzalez,1993-01-03,Male,40,F
Allen Obrien,2022-07-30,Male,27,F
Amber Roberts,2019-08-15,Female,44,F
Angel George,1941-03-06,Male,30,F
Jill Hayes,1922-01-29,Male,12,F
Corey Brooks,2013-02-18,Female,87,B
Natalie Hill,2002-05-15,Male,68,D
Derek Willis MD,2023-02-19,Female,14,F
John Stokes,1963-01-16,Male,24,F
Dr. Benjamin Sanchez,1928-07-10,Male,64,D
Michael Walker,1982-08-01,Male,44,F
Heather King,1980-01-16,Male,4,F
Shawn Ruiz,1928-06-12,Male,57,F
Brenda Torres,2000-08-30,Male,99,A
Stephanie Miller,1932-05-13,Male,79,C
Calvin Mitchell,2006-07-26,Male,62,D
Chad Moon,1983-03-04,Male,79,C
Michael Kent,1911-12-04,Female,53,F
Haley Freeman,1921-04-05,Male,38,F
Angela Allen,2015-07-04,Male,65,D
Susan Davis,2003-01-02,Male,77,C
Aaron Wilkins,1984-11-07,Male,30,F
Charlotte Perez MD,1976-10-02,Male,36,F
Adam Davis,1955-03-03,Male,64,D
Sandy Mendoza,1993-07-23,Male,84,B
Audrey Reed,1919-11-06,Female,30,F
Anna Brown,2013-02-07,Female,95,A
Jennifer Patel,2010-05-17,Female,64,D
Darryl Hawkins,1942-11-20,Male,10,F
Kristin Gibson,1932-11-28,Male,49,F
John Edwards,1935-02-02,Male,71,C
Stephen Dixon,2019-05-15,Male,18,F
Yesenia Clay,1984-09-08,Female,43,F
Haley Lopez,1945-11-11,Female,17,F
Stephen Hughes,1977-05-18,Female,24,F
Kayla Wolf,1932-06-09,Female,16,F
Zachary Smith,1950-09-17,Female,32,F
Raymond Villarreal,1927-08-10,Female,14,F
Amber Padilla,1916-06-12,Male,11,F
Elizabeth Brewer,2010-07-19,Male,89,B
Maria Harris,1964-02-10,Male,88,B
Samuel Young,1982-03-02,Male,16,F
Cody Day,2016-10-17,Female,41,F
Justin Hill,1948-09-22,Female,86,B
Mary Carter,1935-02-15,Male,27,F
Bryan Robertson,1939-09-16,Female,8,F
Karen Garcia,1965-10-14,Female,89,B
Lori Sanchez,1908-10-10,Female,14,F
Michael Banks,1951-04-17,Female,71,C
Scott Pena,1989-12-05,Female,73,C
Anne Sullivan,1923-03-11,Male,7,F
Jennifer Duncan,1912-09-17,Female,99,A
Austin Meyer,1941-02-28,Male,22,F
Alexander Huffman,1935-11-24,Female,66,D
Thomas Miller,1958-08-24,Male,53,F
Kristin Bradshaw,1990-02-14,Male,94,A
Steven Greene,1918-12-02,Male,93,A
Thomas Harvey,1985-04-26,Male,92,A
Robert Logan,1979-07-19,Male,14,F
James Cook,2023-10-20,Male,38,F
Susan Reeves,1985-08-19,Female,51,F
Timothy Lewis,1978-10-05,Male,77,C
Cindy Wise,1939-11-12,Male,35,F
Brenda Zamora,2012-10-22,Male,44,F
Leah Perry,1949-10-24,Female,18,F
William Harris,1941-03-27,Female,79,C
Steven Gutierrez,1949-01-17,Female,52,F
Antonio Gomez,1913-11-23,Female,21,F
Patricia Ramirez,1975-04-20,Male,65,D
Drew Turner DDS,1913-07-30,Male,34,F
Andrew Riley,2016-01-12,Female,57,F
David Durham,2010-01-28,Female,0,F
Sandra Clark,1931-03-14,Male,78,C
Anna Rhodes,2012-11-28,Male,90,A
Janice Frost,1999-10-28,Female,45,F
Desiree Clark,1960-08-13,Female,45,F
Larry Massey,1936-02-26,Male,23,F
Roy Harvey,1924-11-19,Female,91,A
Joshua Simmons,1982-05-20,Female,92,A
Andrew Medina,1969-08-28,Female,47,F
Dustin Wilson,1932-11-01,Male,65,D
Cassie Knight,2022-06-13,Female,57,F
Richard Valdez,1928-10-12,Female,79,C
Denise Price,1989-11-08,Female,12,F
Lydia Michael,2023-10-18,Female,94,A
Sabrina Murphy,1971-04-05,Male,24,F
Robert Hester,1982-02-18,Female,52,F
Jake Meyer,1964-07-31,Female,24,F
Heather Luna,1976-07-18,Female,48,F
Christine Saunders,1948-03-12,Male,55,F
Charles Nichols,1949-04-07,Male,94,A
Patricia Miller,1944-12-08,Female,21,F
Jared Moore,1913-02-03,Male,42,F
Shelby Cummings,1997-08-25,Male,13,F
David Campbell,1941-02-01,Female,39,F
Matthew Lopez,1961-12-24,Male,31,F
Phillip Gomez,1911-08-19,Male,11,F
Donna Sampson,1993-02-14,Male,19,F
Travis Morrow,1980-02-06,Male,95,A
Timothy Thompson,1919-02-19,Male,53,F
Julia Blevins,1913-08-24,Female,49,F
Dillon Marquez,1973-04-19,Female,43,F
Nicole Miller,2008-02-05,Male,65,D
Aaron Gill,1973-06-15,Male,76,C
Paula Padilla,1967-02-23,Male,86,B
Lori Watson,1982-05-26,Male,68,D
Brittney Bell,1979-09-16,Male,19,F
Wendy King,2003-12-19,Male,88,B
Stephanie Smith,1911-04-18,Female,39,F
Kara Miles,1979-01-15,Male,41,F
Donna Allen,2007-11-19,Male,82,B
Debra Pearson,1923-09-21,Male,42,F
Alexandra Moore,2001-09-11,Male,61,D
Cody Yang,1957-12-26,Male,2,F
Stephanie Wilkins,1969-12-31,Female,4,F
Jerry Wilson MD,1944-10-13,Male,60,D
Jill Smith,1988-11-29,Male,58,F
Jessica Mcdonald,1950-09-29,Male,30,F
Dr. April Gonzales,1964-03-27,Male,78,C
Christopher Smith,2023-12-28,Male,26,F
Craig Weaver,1972-01-03,Male,18,F
Javier Hoffman,1922-02-01,Male,4,F
Susan Arnold,1980-05-16,Female,100,A
Jennifer Parker,2002-10-25,Female,94,A
Tristan Eaton,1947-08-20,Female,40,F
Laura Wagner,2006-06-05,Male,81,B
Michael White,2021-08-03,Male,2,F
Tammy Lawson DVM,1911-04-02,Male,5,F
Stephen Kirby,2014-09-22,Female,0,F
Courtney Gutierrez,1948-08-13,Female,4,F
Amy Brooks,1955-07-23,Female,36,F
Nathaniel Smith,2017-02-25,Male,100,A
Charles Duke,2006-01-10,Female,91,A
Karen Gibson,1998-12-11,Female,72,C
Courtney Hughes,2011-03-10,Male,87,B
Jasmine Williams,1991-11-26,Female,43,F
Troy Torres,1959-01-01,Male,76,C
Tracy Hickman,1963-11-09,Male,36,F
Christopher Mueller,2016-03-14,Female,52,F
Nathaniel Clark,1976-12-07,Female,87,B
Denise Callahan,1995-02-27,Female,62,D
Laura Fleming,1962-12-14,Male,87,B
Jason Nelson,1911-07-23,Female,92,A
Amy Howard,2004-12-01,Male,82,B
Jennifer Grant,1987-12-18,Female,27,F
Bryce Clay,1994-03-31,Male,84,B
Dr. Sharon Farley,1984-08-15,Male,67,D
Benjamin Campbell,1989-07-29,Female,58,F
Edward Espinoza,1954-08-09,Female,41,F
Jamie Johnson,1932-05-19,Female,10,F
John Bowers,2015-08-16,Female,50,F
Charles Jones,1918-10-12,Male,15,F
John Jones,2011-03-18,Female,83,B
Eric James,1913-08-20,Female,37,F
Wanda Wong,1952-12-07,Male,25,F
Danielle Bates,1922-12-02,Male,63,D
Kimberly Braun,1978-11-24,Male,11,F
Marcus Woodard,1953-10-20,Male,70,C
Mark Campbell,1994-10-19,Male,72,C
Andrew Lee,2016-01-23,Female,89,B
Sherry Stanley,1989-08-10,Male,77,C
Kevin Mack,2005-03-16,Female,84,B
Anthony Odonnell,1920-04-09,Female,42,F
Tyler Patterson,1954-07-20,Male,75,C
Jeremy Williams,1929-10-11,Male,9,F
Kathryn Perry,1999-06-15,Female,31,F
Joshua Gibbs,1940-04-07,Male,20,F
Sharon Bowers,1918-05-17,Female,6,F
Shannon Walters,2004-12-24,Male,36,F
Keith Brown DVM,2001-06-17,Female,1,F
Adriana Waller,2008-11-21,Male,94,A
Melissa Wilson,1948-11-14,Male,91,A
Michael Baker,1958-10-13,Female,16,F
Tina Jones,1943-06-20,Male,46,F
Charles Jenkins,1924-03-18,Female,5,F
Stacey Wells,1968-08-30,Male,84,B
Randall Taylor,1929-04-19,Male,44,F
Dennis Nelson,2020-01-16,Female,33,F
Shannon Farmer,1957-12-25,Female,59,F
Kimberly Martin,2002-02-23,Female,59,F
Anthony Shaw,1982-04-02,Female,31,F
Andrew Powell,2009-11-07,Male,25,F
Alejandro Trujillo,1971-11-24,Male,14,F
Mark Moore,1965-06-16,Female,35,F
Michael Allen,1930-09-08,Male,39,F
Emily Martin,1950-08-26,Male,87,B
Crystal Torres,1972-04-18,Female,57,F
Brianna Hill,2016-03-15,Male,26,F
Angela Henry DDS,1972-12-04,Male,98,A
Tom Hale,1921-08-13,Male,70,C
Danielle Luna,2016-12-13,Female,19,F
Keith Holloway,1948-02-02,Male,75,C
Jamie Brennan,2022-03-22,Male,0,F
Melanie Shaw,1923-12-05,Female,96,A
Douglas Nolan,2006-06-10,Male,76,C
Jessica Gallagher,1988-04-22,Male,94,A
Michael Brooks,2012-08-25,Male,92,A
Natasha Salinas,1961-04-14,Male,46,F
Michael Valenzuela,1930-05-02,Female,89,B
Alexander Davis,2006-07-14,Female,60,D
Allison Jefferson,1914-08-09,Female,96,A
Angela Nguyen,1922-08-05,Male,52,F
Donna Holland,2009-01-06,Female,38,F
Sean Knox,1975-10-15,Female,28,F
Leonard Ashley,1973-10-02,Male,56,F
Justin Lewis,2021-08-02,Female,38,F
Brad Vega Jr.,1921-10-23,Female,89,B
Theresa Salazar,1918-06-21,Female,26,F
Richard Barker,1997-07-03,Female,88,B
Kimberly Cox,1914-06-12,Female,53,F
Juan Carter,1955-05-18,Male,79,C
Michele Scott,1929-12-11,Male,32,F
Donna Mills,2006-10-28,Male,78,C
Jillian Mccoy,1965-01-14,Female,18,F
Nancy Long,1959-01-02,Female,99,A
Madison Webb,1975-02-27,Female,79,C
William Robinson,1938-05-07,Male,67,D
Jacob Miller,1962-01-23,Male,27,F
Jose Roy,1987-11-09,Male,82,B
Heather Thomas,1980-10-07,Female,33,F
John Mills,2013-07-14,Male,19,F
Mr. Kenneth Dodson PhD,1909-04-29,Female,5,F
Ross Hendricks,1990-08-10,Male,28,F
Amanda Jones,1996-09-27,Male,21,F
Jessica Fields,1943-07-25,Male,77,C
Michael Frazier,1984-08-17,Female,45,F
Mrs. Mary Hernandez,1968-05-23,Male,49,F
Brandy Floyd,1971-05-28,Male,28,F
Tim Miranda,1977-09-14,Female,92,A
Jessica Price,1954-08-29,Male,49,F
Ashley Harris,1945-01-04,Male,99,A
Robert Buck,1982-05-01,Male,9,F
Lisa Gonzalez,1922-01-06,Male,85,B
James Miller,1939-10-02,Male,47,F
Sean Rodgers,1960-01-29,Female,66,D
Mrs. Rachael Nunez DDS,1981-12-06,Female,85,B
Scott Oconnor,1947-05-27,Male,36,F
Robin Henderson,1914-12-04,Female,47,F
Lindsey Underwood,1923-10-11,Male,71,C
Maurice Phillips,1967-06-09,Male,48,F
Brandy Abbott,1919-07-16,Male,72,C
Heather Collins,2004-12-14,Female,32,F
Ashley Coleman,1945-12-03,Male,40,F
Vanessa Gray,1910-10-14,Male,12,F
Helen Jones,1957-10-21,Female,46,F
Corey Gordon,1982-03-16,Male,37,F
Catherine West,1953-05-06,Female,16,F
Patrick Taylor,1962-04-20,Male,11,F
Jennifer Patel,1951-05-21,Female,77,C
Kelly West,1952-05-30,Male,91,A
Javier Henry,1963-01-06,Female,55,F
Carla Avila,1988-07-25,Female,89,B
Mary Elliott,2001-10-04,Female,99,A
Dawn Baxter,2004-03-14,Female,49,F
Shelby Gardner,1999-05-23,Male,19,F
Joanne Roth,1937-09-07,Male,55,F
Stephanie Shields,2019-07-14,Male,36,F
Bradley Martin,1940-06-14,Male,89,B
Sandra Burns,1983-07-23,Female,16,F
Diane Callahan,1952-07-01,Female,81,B
James White,1928-09-06,Female,13,F
Denise Lewis,1945-10-20,Female,71,C
Beverly Aguilar,2008-11-17,Male,82,B
Bryce Wallace,1993-03-27,Male,76,C
David Wilson,2019-12-22,Male,93,A
David Nicholson,1951-09-28,Male,71,C
Michael Thornton,1980-02-01,Female,53,F
Anthony Thomas,2002-01-12,Male,60,D
Katrina Rodriguez,2007-02-13,Male,14,F
Thomas Boyd,2005-02-11,Female,11,F
James Washington,2014-07-01,Male,10,F
Michelle Chapman,1976-10-01,Female,40,F
Madison Schneider,1947-11-27,Female,98,A
Donald Davidson,2008-07-05,Male,89,B
Mrs. Meagan Brown,1940-09-30,Female,84,B
Jennifer Gonzales,1915-06-14,Female,21,F
Jeremy Green,1966-10-29,Female,34,F
Mark Johnson,1980-01-16,Female,46,F
Pamela Gutierrez,2010-05-10,Female,72,C
Erica Clark,1973-12-21,Female,41,F
Kevin Oliver,1911-05-03,Female,34,F
Blake Washington,1977-03-17,Female,39,F
Robert Ellis,1934-03-12,Male,78,C
Austin Martin,1964-11-13,Male,40,F
David Sandoval,1984-05-03,Female,66,D
Christy Ramirez,1912-11-28,Female,44,F
Jamie Powers,2011-01-07,Female,44,F
Christopher Macdonald,2005-05-29,Male,96,A
Amy Smith,1908-05-21,Male,93,A
Brianna Smith,2007-08-22,Female,60,D
Victoria Harris,2004-08-14,Female,32,F
Tyler Chan,1918-01-09,Male,62,D
Jacob Hardy,1931-04-14,Female,31,F
Madeline Nguyen,1976-08-31,Female,12,F
Carla Owens,1917-12-21,Female,1,F
James Wright,2021-07-30,Male,73,C
Brenda Barron,1960-01-14,Female,98,A
Taylor Weaver,2008-03-02,Female,97,A
Jonathan Glenn,1913-07-31,Female,44,F
Eric Yang,2021-08-10,Male,37,F
Alyssa Moore,1988-10-06,Female,68,D
Jessica Johnson,1967-11-13,Female,26,F
Christopher Drake,1976-08-03,Male,61,D
Sierra Lopez,1984-06-07,Male,73,C
Breanna Caldwell,1921-05-12,Male,6,F
Stanley Johnson,2004-03-20,Male,21,F
Stephen Fox,2014-07-15,Male,81,B
Jerry Fox,2003-03-06,Male,95,A
Courtney Graham,2023-11-22,Male,29,F
Gabrielle Thompson,1959-08-11,Male,15,F
Tammy Mack,1974-11-30,Female,50,F
Dorothy Garcia,1924-10-15,Female,67,D
Joshua Cooke,1946-04-18,Female,44,F
Brittany Snyder,1947-05-26,Male,12,F
Kathleen Solomon,1938-09-17,Male,40,F
Michael Williams,1948-04-20,Male,25,F
Kevin Barnes,1942-06-18,Male,55,F
Kevin Reyes,1992-02-28,Male,65,D
Kenneth Phillips,1920-05-29,Male,42,F
Dalton Turner,2013-06-15,Male,86,B
Jeanette Davis,2013-12-08,Female,7,F
Alan Jones,1967-03-09,Female,27,F
David Smith,1918-12-13,Male,25,F
Lisa Anderson,1979-08-01,Female,38,F
Nicole Carroll,1972-11-04,Male,47,F
Derek Burgess,1936-08-06,Male,72,C
Carlos Williams,1969-03-21,Female,17,F
Russell Weiss,1948-06-20,Female,25,F
Andrea Coleman,1959-04-13,Female,97,A
Christopher Smith,1999-01-27,Male,31,F
Tracey Powell,1930-12-25,Female,25,F
Randy Macias,1967-05-22,Female,68,D
Matthew Williams,2008-01-16,Female,51,F
James Russell,1964-07-08,Female,61,D
Russell Moore,1925-05-08,Male,94,A
Laura Hughes,1976-10-14,Female,9,F
Michael Hill,1946-07-26,Male,55,F
Jordan Hall,1959-06-12,Female,18,F
Adam Reyes,1921-03-25,Female,17,F
Lisa Baker,2014-06-28,Female,58,F
Michelle Gaines,1980-05-30,Female,33,F
Sean Ward,1973-08-07,Male,93,A
Natalie Davis,2006-04-28,Male,64,D
Joanna Johnson,1961-12-09,Male,83,B
Aaron Gay,1956-12-19,Female,89,B
Devin Wilson,1932-02-25,Male,12,F
Crystal Williams,1942-06-02,Male,6,F
William Liu,2004-12-16,Female,65,D
Joseph Shaw,1993-07-09,Male,41,F
Jacqueline Reynolds,1972-06-30,Male,21,F
Christopher Smith,1966-07-23,Male,62,D
Christina Patel,1912-10-18,Female,33,F
Pamela Small,1989-12-05,Female,49,F
Matthew Gardner,1937-03-01,Female,35,F
Meghan Johnson,1959-11-26,Male,80,B
George Alvarez,2007-04-08,Male,94,A
Allison Matthews,1931-08-30,Male,45,F
Nathan Jones,2003-01-11,Female,10,F
Jasmine Mccoy,1966-01-24,Male,21,F
Wendy Zuniga,1965-11-05,Male,82,B
Juan Mccormick,1964-04-29,Male,0,F
Angelica Jones,1937-04-29,Male,70,C
Robert Henderson,1915-09-08,Female,28,F
Robert Thompson,1951-02-02,Female,29,F
Michelle Williams,1951-01-27,Female,46,F
Michael Thornton,1992-10-22,Female,22,F
Kathy Day,1937-04-18,Male,95,A
Richard White,1945-03-23,Male,59,F
George Cobb,1980-07-22,Female,64,D
Angelica Hayes,1975-09-12,Female,72,C
Hannah Ferguson,1918-10-01,Female,36,F
Susan Whitehead,1942-08-17,Female,90,A
Gabriela Robinson,1938-03-02,Male,75,C
Vanessa Diaz,1959-05-04,Male,96,A
Patricia Jones,1972-05-15,Male,50,F
Stephanie Gray,1936-11-26,Female,92,A
Andrea Snyder,2022-12-10,Male,46,F
Ryan Shelton,1966-11-22,Female,15,F
Samuel Smith,1998-02-10,Female,12,F
Lori Brock,1997-12-22,Female,48,F
Heather Smith,1917-06-15,Female,64,D
Melissa Payne,1979-04-22,Female,53,F
Michael Crawford,1954-02-13,Female,21,F
Deborah Scott,2005-10-24,Male,59,F
Diana Scott,1982-03-17,Male,93,A
Kelly Ross,2012-10-13,Female,22,F
Melinda Zuniga,2006-06-16,Female,56,F
Ashley Rhodes,2022-12-07,Female,39,F
Mark Henson,1986-08-07,Female,89,B
Ashley Strickland,1991-03-19,Male,9,F
Jennifer Foster,1908-04-03,Female,25,F
James Benson,1914-07-27,Male,64,D
Mrs. Loretta Morales,1961-01-18,Female,99,A
Rachel Pham,1912-06-05,Male,16,F
Marc Simpson,1966-12-05,Male,91,A
Nicole Gomez,1931-07-11,Female,25,F
Chad Simpson,1986-05-24,Male,86,B
Laura Wong,1960-07-26,Female,25,F
Mandy Gonzalez,1910-02-23,Male,69,D
Christine Guzman,1948-06-11,Male,13,F
Michelle Gonzalez,1910-03-23,Male,42,F
Sarah Thompson,1947-07-06,Male,71,C
Thomas Mccoy,1930-05-02,Male,45,F
Paula Long,1926-11-05,Female,65,D
Larry Hobbs,2012-01-27,Female,51,F
Matthew Steele,1928-08-09,Male,43,F
Frederick Castillo,2014-11-10,Male,35,F
Ms. Veronica Rose,2019-02-25,Male,33,F
Leonard Horn,2004-10-24,Female,39,F
Bradley Ruiz,1919-03-10,Male,68,D
Alison Dudley,2006-05-09,Female,15,F
Billy Heath,2016-09-24,Female,19,F
Andrew Scott,1956-09-06,Male,82,B
Lauren Castro,1943-06-04,Male,39,F
Carol Gross,1999-09-01,Female,3,F
Barbara Martin,1937-02-12,Male,35,F
Laurie Mahoney,1971-11-01,Male,1,F
Nicholas Estrada,1994-11-27,Female,64,D
Darlene Brown,1964-03-02,Male,57,F
Jorge Mejia,2023-03-20,Female,44,F
Courtney Hicks,1996-04-16,Female,75,C
Jessica Parker,1922-07-01,Female,69,D
Stacy Reilly,1968-11-02,Female,56,F
Walter Roman,2018-02-27,Female,75,C
Lisa Mckenzie,1938-03-31,Male,79,C
Kathleen Taylor,1924-11-01,Male,46,F
Anthony White,1917-01-12,Female,58,F
Alexander Orr,1964-05-24,Female,44,F
Rodney Johnson,1917-12-10,Male,32,F
Shawn Barrera,2012-05-20,Male,51,F
Albert Perez,1919-12-26,Female,96,A
Valerie Valentine,1952-02-14,Male,50,F
Brittany Moore,1995-11-07,Male,66,D
Mary Davis,2022-11-23,Female,55,F
Anthony Alexander,1925-01-28,Male,10,F
Ann Kirby,1963-08-31,Female,65,D
Steven Schmidt,1960-03-10,Female,15,F
David Rodriguez Jr.,1988-11-11,Male,2,F
Monica Martin,1910-12-05,Male,38,F
Kelly Arnold,1940-01-07,Male,65,D
Adam Bradley,1933-07-02,Female,47,F
Morgan Franco,1973-07-22,Male,77,C
Chris Hayes,1941-11-21,Male,58,F
Michelle Williams,1967-09-04,Male,34,F
George Lopez,1940-01-05,Female,77,C
Kristina Scott,1985-04-16,Female,68,D
Joseph Garcia,1958-01-24,Male,64,D
Hunter Morgan,1986-03-25,Female,100,A
Brett Tucker,1983-01-26,Male,58,F
Sheri Le,1909-02-21,Male,70,C
Joseph Ballard,1935-01-21,Female,82,B
Taylor Moore,1963-04-12,Male,5,F
Jake Martin,1951-06-29,Male,28,F
David Ramirez,1986-03-18,Female,66,D
Kathryn Romero,1982-03-11,Female,90,A
Kayla Thomas,1942-08-08,Male,33,F
Amanda Gibson,1940-08-31,Female,82,B
Robert Chen,1994-05-18,Male,54,F
Donald Smith,1990-01-28,Female,54,F
Aaron Cabrera,1935-11-15,Male,4,F
Michael Davis,1919-03-26,Male,77,C
Ryan Martin,1970-04-20,Female,43,F
Julie Rodriguez,1930-01-23,Female,51,F
Jerry Todd,1928-06-13,Male,50,F
Joseph Cannon,1915-11-03,Female,83,B
Marissa Hall,1950-12-09,Female,74,C
Sara Wilson,1973-02-23,Female,81,B
Kimberly Jones,1944-04-05,Female,20,F
Richard Mcdowell,1984-07-11,Male,59,F
Patrick Ward,1961-12-05,Male,95,A
Kevin Brown,1969-06-05,Male,94,A
Kevin Hunter,1966-10-25,Male,42,F
Anthony Galvan,1945-09-26,Female,10,F
Craig Graham,1927-06-06,Female,84,B
Rachel Hudson,2022-09-01,Male,5,F
Craig Rhodes,1932-03-12,Female,4,F
Hannah Yu,1956-11-13,Male,40,F
Joseph Fuller,1994-08-30,Female,80,B
Emily Rodriguez,1997-10-06,Male,23,F
Jessica Carroll,1948-02-03,Male,12,F
Darryl Carter,1992-02-21,Female,35,F
Robert Martin,1929-10-24,Male,44,F
Linda Bowman,1980-03-12,Male,17,F
Phillip Reyes,1998-12-31,Female,46,F
Robert Lang,1965-11-18,Male,61,D
Edward Steele,1955-04-28,Male,99,A
Donald Mckinney,1956-11-30,Male,14,F
Stephen Jackson,1928-01-13,Male,90,A
Brian Davenport,1931-10-01,Female,41,F
Brittany Collins,1980-08-07,Male,62,D
Dominic Rodriguez,2008-07-16,Female,61,D
Allison Lloyd,1972-03-09,Male,9,F
James Peterson,1961-08-12,Female,96,A
Nicole Leon,1929-12-30,Female,10,F
Leon Jones,1946-09-07,Male,87,B
Chase David,1980-09-01,Female,49,F
Kelly Cole,1952-05-24,Male,35,F
Jeff Taylor,1932-06-18,Female,34,F
Keith Elliott,1928-07-03,Female,68,D
Jacob Walton,1987-02-24,Male,9,F
Bobby Hopkins,1960-01-29,Female,62,D
Joshua Torres,1955-12-26,Female,88,B
Jamie Walton,1934-11-29,Female,63,D
Ashley Logan,1969-09-22,Female,88,B
Mark Thomas,1973-02-07,Male,92,A
Danielle Ball,1932-12-06,Male,62,D
Karen Chaney PhD,1950-01-24,Female,97,A
Brian Mathis,2017-04-10,Female,52,F
Joseph Jackson,1988-01-28,Male,75,C
Becky Meyer,1929-11-19,Male,77,C
Lisa Harris,1953-09-19,Male,100,A
Kayla Williams,1925-12-24,Male,48,F
Jeffrey Day,1942-10-21,Female,26,F
Juan Turner,2021-08-03,Male,49,F
Jeffrey Montes,1980-11-26,Male,69,D
Michael Archer,2016-08-25,Male,94,A
Benjamin Allen,1992-10-18,Female,2,F
Cindy Vega,1979-11-10,Female,27,F
Michael Goodman,1943-08-09,Female,56,F
Jason Carter,1926-04-18,Male,59,F
Kelly Morris,1983-01-14,Female,48,F
Christina Tate,2002-06-27,Female,80,B
Cynthia Gibson,2006-09-07,Female,82,B
Angela Hall,1995-11-28,Female,69,D
Matthew Smith,1939-12-17,Male,33,F
Mark Gordon,1937-06-11,Male,90,A
Ryan Walsh,1980-11-30,Female,60,D
Steven Hoffman,1968-08-21,Male,53,F
Robin Santos,1984-01-17,Female,98,A
Kristin Rose,2011-06-01,Female,73,C
Bruce Li,1996-07-27,Female,9,F
Omar Robinson,1980-07-18,Male,12,F
Barbara Lopez,1990-01-29,Female,87,B
Brittany Garcia,2018-01-31,Female,10,F
Curtis Young,1918-02-13,Male,16,F
Walter Fox,1993-02-08,Female,11,F
Chloe Taylor,1988-05-11,Female,5,F
Gregory Conner,1920-04-09,Male,98,A
Eugene Cooley,1944-10-30,Female,37,F
Mark Colon,1991-01-11,Male,76,C
Courtney Watson,1931-01-11,Male,15,F
David Jenkins,1974-06-24,Female,88,B
Kristina Carpenter,2022-02-07,Male,84,B
John Walsh,1977-01-09,Female,38,F
Robert Hanson,1919-12-08,Female,21,F
Michael Shannon,1946-09-12,Male,91,A
Ashley Martinez,1929-09-06,Female,72,C
Terry Bradley,1998-05-26,Male,7,F
Timothy Coleman,1966-01-26,Female,9,F
John Collins,1935-12-21,Male,31,F
Susan Pruitt,1957-04-20,Female,81,B
Ashley Jones,1954-01-10,Male,94,A
Erica Davis,1929-01-29,Female,50,F
Robert Davis,1930-12-30,Male,15,F
Karen Norman,1936-01-02,Female,68,D
Eric Bean,1960-12-22,Female,82,B
Rose Cohen,2010-10-02,Female,23,F
Brandon Reyes,1947-08-05,Female,75,C
Kayla Baker,1916-02-24,Female,82,B
Robert Thompson,1934-09-06,Female,71,C
Patricia Williams,1972-09-06,Male,70,C
Angela Williams,2008-06-03,Female,67,D
James Dean,2006-03-24,Female,33,F
Adam Scott,1951-02-09,Male,22,F
Logan Wright,1919-03-12,Male,75,C
Stephanie Duke,2003-10-10,Male,15,F
Roger Phillips,1910-11-17,Female,19,F
Anthony Williams,1994-07-25,Male,40,F
Megan Perez,1934-08-19,Male,13,F
William Powell,2009-11-27,Male,85,B
Jonathan Gonzalez,1949-11-26,Female,13,F
Patricia Richard,1971-08-27,Male,82,B
Lindsey Wright,1923-02-27,Male,89,B
Jennifer Hahn,1929-04-10,Female,34,F
Stephen Perry,1915-02-20,Male,93,A
Scott Watkins,1982-04-16,Female,98,A
Christine Ward,2019-02-14,Female,51,F
Tommy Martin,1917-10-04,Female,90,A
Matthew Curry,2021-01-23,Male,90,A
Sarah Jones,1967-10-29,Male,64,D
Lisa Preston,1982-09-03,Female,51,F
Amy Mathews,1954-12-23,Male,64,D
James Cole,1919-09-01,Female,10,F
David Lawrence,2004-06-09,Male,41,F
Lisa Obrien,1918-12-11,Female,90,A
Steven Cantrell,2023-11-19,Male,87,B
Nicole Cantrell,2003-06-16,Female,54,F
Theresa Bentley,1953-06-12,Female,3,F
Dylan Ramirez,1923-05-01,Male,81,B
Helen Fernandez,1918-12-18,Male,57,F
Douglas Carr,1978-06-04,Female,100,A
John Warner,1969-02-15,Female,74,C
Kathleen Robinson,1914-07-21,Male,8,F
Benjamin Schmidt,1986-10-23,Male,0,F
Madison Nicholson,1941-10-08,Female,46,F
Phillip Fuller,1916-07-30,Male,91,A
Gregory Moore,1944-10-26,Male,18,F
Cindy Lee,1919-12-12,Male,43,F
Caitlin Kelly,1913-05-12,Female,88,B
Calvin Hernandez,1921-09-28,Male,70,C
Andrew Byrd,1917-07-01,Female,48,F
Nicole King,2017-04-17,Female,79,C
Shelby Schmidt,2012-08-29,Male,98,A
Amanda Welch,1908-03-15,Male,83,B
